title,doi,authors,type,url,style_file
"Time is of the essence: exploring a measles outbreak response vaccination in Niamey, Niger",10.1098/rsif.2007.1038,Grais RF; Conlan AJK; Ferrari MJ; Djibo A; Le Menach A; Bjørnstad ON; Grenfell BT,Hybrid (mathematical-statistical),https://pmc.ncbi.nlm.nih.gov/articles/PMC2605500/,01-grais-2008-measles-orv-niamey.md
The dynamics of measles in sub-Saharan Africa,10.1038/nature06509,Ferrari MJ; Grais RF; Bharti N; Conlan AJK; Bjørnstad ON; Wolfson LJ; Guerin PJ; Djibo A; Grenfell BT,Hybrid (mathematical-statistical),https://www.nature.com/articles/nature06509,02-ferrari-2008-measles-sub-saharan-africa.md
Dynamics of the 2001 UK foot and mouth epidemic: stochastic dispersal in a heterogeneous landscape,10.1126/science.1065973,Keeling MJ; Woolhouse MEJ; Shaw DJ; Matthews L; Chase-Topping M; Haydon DT; Cornell SJ; Kappey J; Wilesmith J; Grenfell BT,Hybrid (mathematical-statistical),https://www.science.org/doi/full/10.1126/science.1065973,03-keeling-2001-uk-foot-and-mouth.md
A simple model for complex dynamical transitions in epidemics,10.1126/science.287.5453.667,Earn DJD; Rohani P; Bolker BM; Grenfell BT,Mathematical,https://www.science.org/doi/full/10.1126/science.287.5453.667,04-earn-2000-simple-model-complex-transitions.md
Seasonality and the dynamics of infectious diseases,10.1111/j.1461-0248.2005.00879.x,Altizer S; Dobson A; Hosseini P; Hudson P; Pascual M; Rohani P,Hybrid (mathematical-statistical),https://onlinelibrary.wiley.com/doi/full/10.1111/j.1461-0248.2005.00879.x,05-altizer-2006-seasonality-review.md
Estimating spatial coupling in epidemiological systems: a mechanistic approach,10.1046/j.1461-0248.2002.00268.x,Keeling MJ; Rohani P,Mathematical,https://onlinelibrary.wiley.com/doi/full/10.1046/j.1461-0248.2002.00268.x,06-keeling-rohani-2002-spatial-coupling.md
The incubation period of coronavirus disease 2019 (COVID-19) from publicly reported confirmed cases: estimation and application,10.7326/M20-0504,Lauer SA; Grantz KH; Bi Q; Jones FK; Zheng Q; Meredith HR; Azman AS; Reich NG; Lessler J,Statistical,https://www.acpjournals.org/doi/full/10.7326/M20-0504,07-lauer-2020-incubation-period.md
Improving propensity score weighting using machine learning,10.1002/sim.3782,Lee BK; Lessler J; Stuart EA,Hybrid (statistical-machine learning),https://onlinelibrary.wiley.com/doi/abs/10.1002/sim.3782,08-lee-2010-ml-propensity-scores.md
Evaluation of individual and ensemble probabilistic forecasts of COVID-19 mortality in the United States,10.1073/pnas.2113561119,Cramer EY; Ray EL; Lopez VK; Bracher J; Brennen A; et al. (US COVID-19 Forecast Hub Consortium),Statistical,https://www.pnas.org/doi/abs/10.1073/pnas.2113561119,09-cramer-2022-covid-forecast-hub-evaluation.md
"A collaborative multiyear, multimodel assessment of seasonal influenza forecasting in the United States",10.1073/pnas.1812594116,Reich NG; Brooks LC; Fox SJ; Kandula S; McGowan CJ; Moore E; Osthus D; Ray EL; Tushar A; Yamana TK; Biggerstaff M; Johansson MA; Rosenfeld R; Shaman J,Statistical,https://www.pnas.org/doi/abs/10.1073/pnas.1812594116,10-reich-2019-flusight-multiyear.md
Evaluating epidemic forecasts in an interval format,10.1371/journal.pcbi.1008618,Bracher J; Ray EL; Gneiting T; Reich NG,Statistical,https://journals.plos.org/ploscompbiol/article?id=10.1371/journal.pcbi.1008618,11-bracher-2021-weighted-interval-score.md
Strategies for mitigating an influenza pandemic,10.1038/nature04795,Ferguson NM; Cummings DAT; Fraser C; Cajka JC; Cooley PC; Burke DS,Mathematical,https://www.nature.com/articles/nature04795,12-ferguson-2006-mitigating-pandemic.md
Strategies for containing an emerging influenza pandemic in Southeast Asia,10.1038/nature04017,Ferguson NM; Cummings DAT; Cauchemez S; Fraser C; Riley S; Meeyai A; Iamsirithaworn S; Burke DS,Hybrid (mathematical-statistical),https://www.nature.com/articles/nature04017,13-ferguson-2005-containing-pandemic-sea.md
Infectious disease in an era of global change,10.1038/s41579-021-00639-z,Baker RE; Mahmud AS; Miller IF; Rajeev M; Rasambainarivo F; Rice BL; Takahashi S; Tatem AJ; Wagner CE; Wang L-F; Wesolowski A; Metcalf CJE,Hybrid (mathematical-statistical),https://www.nature.com/articles/s41579-021-00639-z,14-baker-2021-infectious-disease-global-change.md
Modeling infectious disease dynamics in the complex landscape of global health,10.1126/science.aaa4339,Heesterbeek H; Anderson RM; Andreasen V; Bansal S; De Angelis D; Dye C; Eames KTD; Edmunds WJ; Frost SDW; Funk S; Hollingsworth TD; House T; Isham V; Klepac P; Lessler J; Lloyd-Smith JO; Metcalf CJE; Mollison D; Pellis L; Pulliam JRC; Roberts MG; Viboud C (Isaac Newton Institute IDD Collaboration),Hybrid (mathematical-statistical),https://www.science.org/doi/full/10.1126/science.aaa4339,15-heesterbeek-2015-models-global-health.md
An investigation of transmission control measures during the first 50 days of the COVID-19 epidemic in China,10.1126/science.abb6105,Tian H; Liu Y; Li Y; Wu C-H; Chen B; Kraemer MUG; Li B; Cai J; Xu B; Yang Q; Wang B; Yang P; Cui Y; Song Y; Zheng P; Wang Q; Bjornstad ON; Yang R; Grenfell BT; Pybus OG; Dye C,Hybrid (statistical-mathematical),https://www.science.org/doi/full/10.1126/science.abb6105,16-tian-2020-china-transmission-control.md
Travelling waves and spatial hierarchies in measles epidemics,10.1038/414716a,Grenfell BT; Bjørnstad ON; Kappey J,Hybrid (statistical-mathematical),https://www.nature.com/articles/414716a,17-grenfell-2001-travelling-waves.md
Dynamics of measles epidemics: estimating scaling of transmission rates using a time series SIR model,10.1890/0012-9615(2002)072[0169:DOMEES]2.0.CO;2,Bjørnstad ON; Finkenstädt BF; Grenfell BT,Hybrid (mathematical-statistical),https://doi.org/10.1890/0012-9615(2002)072[0169:DOMEES]2.0.CO;2,18-bjornstad-2002-tsir-measles.md
Early dynamics of transmission and control of COVID-19: a mathematical modelling study,10.1016/S1473-3099(20)30144-4,Kucharski AJ; Russell TW; Diamond C; Liu Y; Edmunds J; Funk S; Eggo RM,Hybrid (mathematical-statistical),https://www.thelancet.com/article/S1473-3099(20)30144-4/fulltext,19-kucharski-2020-early-dynamics-covid.md
The role of rapid diagnostics in managing Ebola epidemics,10.1038/nature16041,Nouvellet P; Garske T; Mills HL; Nedjati-Gilani G; Hinsley W; Blake IM; Van Kerkhove MD; Cori A; Dorigatti I; Jombart T; Riley S; Fraser C; Donnelly CA; Ferguson NM,Hybrid (mathematical-statistical),https://www.nature.com/articles/nature16041,20-nouvellet-2015-rapid-diagnostics-ebola.md
Modeling post-death transmission of Ebola: challenges for inference and opportunities for control,10.1038/srep08751,Weitz JS; Dushoff J,Hybrid (mathematical-statistical),https://www.nature.com/articles/srep08751,21-weitz-2015-post-death-transmission-ebola.md
Feasibility of controlling COVID-19 outbreaks by isolation of cases and contacts,10.1016/S2214-109X(20)30074-7,Hellewell J; Abbott S; Gimma A; Bosse NI; Jarvis CI; Russell TW; Munday JD; Kucharski AJ; Edmunds WJ; Funk S; Eggo RM (CMMID COVID-19 Working Group),Mathematical,https://www.thelancet.com/article/S2214-109X(20)30074-7/fulltext,22-hellewell-2020-contact-tracing-feasibility.md
Essential information: uncertainty and optimal control of Ebola outbreaks,10.1073/pnas.1617482114,Li S-L; Bjørnstad ON; Ferrari MJ; Mummah R; Runge MC; Fonnesbeck CJ; Tildesley MJ; Probert WJM; Shea K,Hybrid (mathematical-statistical),https://www.pnas.org/doi/full/10.1073/pnas.1617482114,23-li-2017-essential-information-ebola.md
Estimated transmissibility and impact of SARS-CoV-2 lineage B.1.1.7 in England,10.1126/science.abg3055,Davies NG; Abbott S; Barnard RC; Jarvis CI; Kucharski AJ; Munday JD; Pearson CAB; Russell TW; Tully DC; Washburne AD; Wenseleers T; Gimma A; Waites W; Wong KLM; van Zandvoort K; Silverman JD; Diaz-Ordaz K; Keogh R; Eggo RM; Funk S; Jit M; Atkins KE; Edmunds WJ (CMMID COVID-19 Working Group; COVID-19 Genomics UK Consortium),Hybrid (statistical-mathematical),https://www.science.org/doi/full/10.1126/science.abg3055,24-davies-2021-b117-transmissibility.md
"Effects of non-pharmaceutical interventions on COVID-19 cases, deaths, and demand for hospital services in the UK: a modelling study",10.1016/S2468-2667(20)30133-X,Davies NG; Kucharski AJ; Eggo RM; Gimma A; Edmunds WJ (CMMID COVID-19 Working Group),Mathematical,https://www.thelancet.com/journals/lanpub/article/PIIS2468-2667(20)30133-X/fulltext,25-davies-2020-npi-uk.md
Estimating the time-varying reproduction number of SARS-CoV-2 using national and subnational case counts,10.12688/wellcomeopenres.16006.2,Abbott S; Hellewell J; Thompson RN; Sherratt K; Gibbs HP; Bosse NI; Munday JD; Meakin S; Doughty EL; Chun JY; Chan YWD; Finger F; Campbell P; Endo A; Pearson CAB; Gimma A; Russell T; Flasche S; Kucharski AJ; Eggo RM; Funk S (CMMID COVID modelling group),Hybrid (statistical-mathematical),https://wellcomeopenresearch.org/articles/5-112,26-abbott-2020-rt-estimation-tool.md
"Practical considerations for measuring the effective reproductive number, Rt",10.1371/journal.pcbi.1008409,Gostic KM; McGough L; Baskerville EB; Abbott S; Joshi K; Tedijanto C; Kahn R; Niehus R; Hay JA; De Salazar PM; Hellewell J; Meakin S; Munday JD; Bosse NI; Sherratt K; Thompson RN; White LF; Huisman JS; Scire J; Bonhoeffer S; Stadler T; Wallinga J; Funk S; Lipsitch M; Cobey S,Hybrid (statistical-mathematical),https://doi.org/10.1371/journal.pcbi.1008409,27-gostic-2020-practical-considerations-rt.md
Best practices for estimating and reporting epidemiological delay distributions of infectious diseases,10.1371/journal.pcbi.1012520,Charniga K; Park SW; Akhmetzhanov AR; Cori A; Dushoff J; Funk S; Gostic KM; Linton NM; Lison A; Overton CE; Pulliam JRC; Ward T; Cauchemez S; Abbott S,Statistical,https://doi.org/10.1371/journal.pcbi.1012520,28-charniga-2024-delay-distributions-best-practices.md
The global distribution and burden of dengue,10.1038/nature12060,Bhatt S; Gething PW; Brady OJ; Messina JP; Farlow AW; Moyes CL; Drake JM; Brownstein JS; Hoen AG; Sankoh O; Myers MF; George DB; Jaenisch T; Wint GRW; Simmons CP; Scott TW; Farrar JJ; Hay SI,Machine learning,https://doi.org/10.1038/nature12060,29-bhatt-2013-global-dengue-distribution.md
Detecting influenza epidemics using search engine query data,10.1038/nature07634,Ginsberg J; Mohebbi MH; Patel RS; Brammer L; Smolinski MS; Brilliant L,Hybrid (statistical-machine learning),https://doi.org/10.1038/nature07634,30-ginsberg-2009-google-flu-trends.md
The parable of Google Flu: traps in big data analysis,10.1126/science.1248506,Lazer D; Kennedy R; King G; Vespignani A,Hybrid (statistical-machine learning),https://doi.org/10.1126/science.1248506,31-lazer-2014-parable-of-google-flu.md
Host and viral traits predict zoonotic spillover from mammals,10.1038/nature22975,Olival KJ; Hosseini PR; Zambrana-Torrelio C; Ross N; Bogich TL; Daszak P,Hybrid (statistical-machine learning),https://doi.org/10.1038/nature22975,32-olival-2017-zoonotic-spillover-traits.md
Rodent reservoirs of future zoonotic diseases,10.1073/pnas.1501598112,Han BA; Schmidt JP; Bowden SE; Drake JM,Machine learning,https://doi.org/10.1073/pnas.1501598112,33-han-2015-rodent-reservoirs.md
Accurate estimation of influenza epidemics using Google search data via ARGO,10.1073/pnas.1515373112,Yang S; Santillana M; Kou SC,Hybrid (statistical-machine learning),https://doi.org/10.1073/pnas.1515373112,34-yang-2015-argo-influenza.md
Prediction models for diagnosis and prognosis of covid-19: systematic review and critical appraisal,10.1136/bmj.m1328,Wynants L; Van Calster B; Collins GS; Riley RD; Heinze G; Schuit E; et al.,Hybrid (statistical-machine learning),https://doi.org/10.1136/bmj.m1328,35-wynants-2020-covid-prediction-models-review.md
Common pitfalls and recommendations for using machine learning to detect and prognosticate for COVID-19 using chest radiographs and CT scans,10.1038/s42256-021-00307-0,Roberts M; Driggs D; Thorpe M; Gilbey J; Yeung M; Ursprung S; Aviles-Rivero AI; Etmann C; McCague C; Beer L; Weir-McCall JR; Teng Z; Gkrania-Klotsas E; AIX-COVNET; Rudd JHF; Sala E; Schonlieb C-B,Machine learning,https://doi.org/10.1038/s42256-021-00307-0,36-roberts-2021-ml-covid-imaging-pitfalls.md
Machine learning-based prediction of COVID-19 diagnosis based on symptoms,10.1038/s41746-020-00372-6,Zoabi Y; Deri-Rozov S; Shomron N,Machine learning,https://doi.org/10.1038/s41746-020-00372-6,37-zoabi-2021-covid-symptom-prediction.md
